[{"id":1,"first_name":"Vilhelmina","last_name":"Domleo","email":"vdomleo0@163.com","gender":"Female","profile_picture":"https://robohash.org/accusantiumdolorumipsam.bmp?size=50x50&set=set1"},
    {"id":2,"first_name":"Tremayne","last_name":"Wellman","email":"twellman1@dropbox.com","gender":"Male","profile_picture":"https://robohash.org/quibusdamquoiste.jpg?size=50x50&set=set1"},
    {"id":3,"first_name":"Irina","last_name":"Bannard","email":"ibannard2@sina.com.cn","gender":"Female","profile_picture":"https://robohash.org/temporibusnihilnecessitatibus.bmp?size=50x50&set=set1"},
    {"id":4,"first_name":"Natalee","last_name":"Weildish","email":"nweildish3@cargocollective.com","gender":"Female","profile_picture":"https://robohash.org/autautculpa.png?size=50x50&set=set1"},
    {"id":5,"first_name":"Dasha","last_name":"Tommasi","email":"dtommasi4@sciencedaily.com","gender":"Female","profile_picture":"https://robohash.org/itaqueaspernatursit.png?size=50x50&set=set1"},
    {"id":6,"first_name":"Jillana","last_name":"Harteley","email":"jharteley5@typepad.com","gender":"Female","profile_picture":"https://robohash.org/seddistinctioin.bmp?size=50x50&set=set1"},
    {"id":7,"first_name":"Pierre","last_name":"Zorzini","email":"pzorzini6@bandcamp.com","gender":"Male","profile_picture":"https://robohash.org/placeatdeleniticum.jpg?size=50x50&set=set1"},
    {"id":8,"first_name":"Dee dee","last_name":"Engelmann","email":"dengelmann7@issuu.com","gender":"Female","profile_picture":"https://robohash.org/porrosapienteeos.png?size=50x50&set=set1"},
    {"id":9,"first_name":"Cammy","last_name":"O'Henecan","email":"cohenecan8@google.co.jp","gender":"Female","profile_picture":"https://robohash.org/etetvoluptatem.jpg?size=50x50&set=set1"},
    {"id":10,"first_name":"Web","last_name":"Harby","email":"wharby9@house.gov","gender":"Male","profile_picture":"https://robohash.org/explicabonostrumdolor.jpg?size=50x50&set=set1"},
    {"id":11,"first_name":"Even","last_name":"Yakubovics","email":"eyakubovicsa@clickbank.net","gender":"Male","profile_picture":"https://robohash.org/hicipsamet.jpg?size=50x50&set=set1"},
    {"id":12,"first_name":"Etta","last_name":"Skippon","email":"eskipponb@ox.ac.uk","gender":"Female","profile_picture":"https://robohash.org/explicaboautut.jpg?size=50x50&set=set1"},
    {"id":13,"first_name":"Giacinta","last_name":"Sholl","email":"gshollc@gravatar.com","gender":"Female","profile_picture":"https://robohash.org/hicidlaborum.jpg?size=50x50&set=set1"},
    {"id":14,"first_name":"Eben","last_name":"Caseri","email":"ecaserid@digg.com","gender":"Male","profile_picture":"https://robohash.org/distinctiosimiliqueminima.png?size=50x50&set=set1"},
    {"id":15,"first_name":"Constancy","last_name":"Brussell","email":"cbrusselle@clickbank.net","gender":"Female","profile_picture":"https://robohash.org/undenecessitatibusaut.bmp?size=50x50&set=set1"},
    {"id":16,"first_name":"Mikey","last_name":"Mallison","email":"mmallisonf@yandex.ru","gender":"Male","profile_picture":"https://robohash.org/illosapientecommodi.bmp?size=50x50&set=set1"},
    {"id":17,"first_name":"Milzie","last_name":"Fardoe","email":"mfardoeg@simplemachines.org","gender":"Female","profile_picture":"https://robohash.org/iustoestexercitationem.png?size=50x50&set=set1"},
    {"id":18,"first_name":"Hyacinth","last_name":"Mordey","email":"hmordeyh@admin.ch","gender":"Female","profile_picture":"https://robohash.org/consecteturasperioresnon.jpg?size=50x50&set=set1"},
    {"id":19,"first_name":"Freida","last_name":"Kemitt","email":"fkemitti@shop-pro.jp","gender":"Female","profile_picture":"https://robohash.org/nobismagnialiquam.png?size=50x50&set=set1"},
    {"id":20,"first_name":"Magdalene","last_name":"Birdall","email":"mbirdallj@networksolutions.com","gender":"Female","profile_picture":"https://robohash.org/essesapienteeveniet.jpg?size=50x50&set=set1"},
    {"id":21,"first_name":"Sibylla","last_name":"Hallum","email":"shallumk@netscape.com","gender":"Female","profile_picture":"https://robohash.org/omnisquised.png?size=50x50&set=set1"},
    {"id":22,"first_name":"Shelley","last_name":"Despenser","email":"sdespenserl@wiley.com","gender":"Female","profile_picture":"https://robohash.org/minuscumad.bmp?size=50x50&set=set1"},
    {"id":23,"first_name":"Stevy","last_name":"Clapham","email":"sclaphamm@yandex.ru","gender":"Male","profile_picture":"https://robohash.org/maximenesciuntvoluptatem.bmp?size=50x50&set=set1"},
    {"id":24,"first_name":"Olly","last_name":"Dalwood","email":"odalwoodn@cnet.com","gender":"Male","profile_picture":"https://robohash.org/quasiutat.png?size=50x50&set=set1"},
    {"id":25,"first_name":"Nady","last_name":"Muggleston","email":"nmugglestono@networkadvertising.org","gender":"Female","profile_picture":"https://robohash.org/voluptatemvoluptasqui.jpg?size=50x50&set=set1"},
    {"id":26,"first_name":"Julienne","last_name":"Tillerton","email":"jtillertonp@imageshack.us","gender":"Female","profile_picture":"https://robohash.org/rerumaspernaturet.png?size=50x50&set=set1"},
    {"id":27,"first_name":"Corissa","last_name":"Caherny","email":"ccahernyq@hhs.gov","gender":"Female","profile_picture":"https://robohash.org/voluptateseumsapiente.jpg?size=50x50&set=set1"},
    {"id":28,"first_name":"Horton","last_name":"Excell","email":"hexcellr@virginia.edu","gender":"Male","profile_picture":"https://robohash.org/suntquiet.png?size=50x50&set=set1"},
    {"id":29,"first_name":"Lionello","last_name":"Thorsby","email":"lthorsbys@washington.edu","gender":"Male","profile_picture":"https://robohash.org/molestiassuscipitet.jpg?size=50x50&set=set1"},
    {"id":30,"first_name":"Leon","last_name":"O'Doherty","email":"lodohertyt@abc.net.au","gender":"Male","profile_picture":"https://robohash.org/distinctiononquia.png?size=50x50&set=set1"},
    {"id":31,"first_name":"Tomasine","last_name":"Clunan","email":"tclunanu@nhs.uk","gender":"Female","profile_picture":"https://robohash.org/doloremestquaerat.bmp?size=50x50&set=set1"},
    {"id":32,"first_name":"Noll","last_name":"Braden","email":"nbradenv@last.fm","gender":"Male","profile_picture":"https://robohash.org/verovelillo.bmp?size=50x50&set=set1"},
    {"id":33,"first_name":"Shelley","last_name":"Olivier","email":"solivierw@people.com.cn","gender":"Male","profile_picture":"https://robohash.org/cupiditateadeos.png?size=50x50&set=set1"},
    {"id":34,"first_name":"Trudie","last_name":"Baroche","email":"tbarochex@ted.com","gender":"Female","profile_picture":"https://robohash.org/omniseumadipisci.png?size=50x50&set=set1"},
    {"id":35,"first_name":"Cobbie","last_name":"Morse","email":"cmorsey@umich.edu","gender":"Male","profile_picture":"https://robohash.org/impeditquiest.jpg?size=50x50&set=set1"},
    {"id":36,"first_name":"Marthena","last_name":"Rickasse","email":"mrickassez@de.vu","gender":"Female","profile_picture":"https://robohash.org/necessitatibuscommodiprovident.png?size=50x50&set=set1"},
    {"id":37,"first_name":"Cesar","last_name":"Vaadeland","email":"cvaadeland10@slashdot.org","gender":"Male","profile_picture":"https://robohash.org/expeditaquiareprehenderit.jpg?size=50x50&set=set1"},
    {"id":38,"first_name":"Anderea","last_name":"Walczak","email":"awalczak11@elegantthemes.com","gender":"Female","profile_picture":"https://robohash.org/reiciendislaudantiumaut.jpg?size=50x50&set=set1"},
    {"id":39,"first_name":"Valeria","last_name":"Houdmont","email":"vhoudmont12@ucla.edu","gender":"Female","profile_picture":"https://robohash.org/aliascorporislaboriosam.jpg?size=50x50&set=set1"},
    {"id":40,"first_name":"Ainslee","last_name":"Greenhowe","email":"agreenhowe13@domainmarket.com","gender":"Female","profile_picture":"https://robohash.org/doloresadomnis.png?size=50x50&set=set1"},
    {"id":41,"first_name":"Galvin","last_name":"Risbridge","email":"grisbridge14@amazonaws.com","gender":"Male","profile_picture":"https://robohash.org/praesentiumvoluptaseligendi.png?size=50x50&set=set1"},
    {"id":42,"first_name":"Gretel","last_name":"Ollive","email":"gollive15@ifeng.com","gender":"Female","profile_picture":"https://robohash.org/nihilporroest.png?size=50x50&set=set1"},
    {"id":43,"first_name":"Dolli","last_name":"Greave","email":"dgreave16@usda.gov","gender":"Female","profile_picture":"https://robohash.org/natusnonipsum.bmp?size=50x50&set=set1"},
    {"id":44,"first_name":"Brunhilde","last_name":"Dulwitch","email":"bdulwitch17@si.edu","gender":"Female","profile_picture":"https://robohash.org/voluptasvelsequi.jpg?size=50x50&set=set1"},
    {"id":45,"first_name":"Brigitta","last_name":"Haigh","email":"bhaigh18@mlb.com","gender":"Female","profile_picture":"https://robohash.org/maioresaliquidtenetur.png?size=50x50&set=set1"},
    {"id":46,"first_name":"Charo","last_name":"Dee","email":"cdee19@blog.com","gender":"Female","profile_picture":"https://robohash.org/etremveniam.bmp?size=50x50&set=set1"},
    {"id":47,"first_name":"Antons","last_name":"Abbatt","email":"aabbatt1a@house.gov","gender":"Male","profile_picture":"https://robohash.org/inquisquamdolores.bmp?size=50x50&set=set1"},
    {"id":48,"first_name":"Cleopatra","last_name":"Silverson","email":"csilverson1b@jalbum.net","gender":"Female","profile_picture":"https://robohash.org/magnirerumexcepturi.jpg?size=50x50&set=set1"},
    {"id":49,"first_name":"Iain","last_name":"Clausson","email":"iclausson1c@blogger.com","gender":"Male","profile_picture":"https://robohash.org/perferendissintrecusandae.jpg?size=50x50&set=set1"},
    {"id":50,"first_name":"Edvard","last_name":"Grigorey","email":"egrigorey1d@odnoklassniki.ru","gender":"Male","profile_picture":"https://robohash.org/quisnondolores.jpg?size=50x50&set=set1"}]