[{"id":1,"first_name":"Halsy","last_name":"Prydie","email":"hprydie0@youtube.com","gender":"Male","profile_picture":"https://robohash.org/quiaaliquidat.png?size=50x50&set=set1"},
    {"id":2,"first_name":"Heidi","last_name":"Brimble","email":"hbrimble1@google.pl","gender":"Female","profile_picture":"https://robohash.org/rationequiadolor.png?size=50x50&set=set1"},
    {"id":3,"first_name":"Millicent","last_name":"Egle","email":"megle2@vk.com","gender":"Female","profile_picture":"https://robohash.org/autemetiste.png?size=50x50&set=set1"},
    {"id":4,"first_name":"Shellysheldon","last_name":"McCrystal","email":"smccrystal3@npr.org","gender":"Male","profile_picture":"https://robohash.org/quinonea.png?size=50x50&set=set1"},
    {"id":5,"first_name":"Heall","last_name":"Kneesha","email":"hkneesha4@addtoany.com","gender":"Male","profile_picture":"https://robohash.org/voluptatemplaceatvelit.png?size=50x50&set=set1"},
    {"id":6,"first_name":"Veronica","last_name":"Steedman","email":"vsteedman5@gizmodo.com","gender":"Female","profile_picture":"https://robohash.org/voluptasetnobis.bmp?size=50x50&set=set1"},
    {"id":7,"first_name":"Crawford","last_name":"Hefferon","email":"chefferon6@cisco.com","gender":"Male","profile_picture":"https://robohash.org/idmollitiatotam.bmp?size=50x50&set=set1"},
    {"id":8,"first_name":"Mathian","last_name":"Adhams","email":"madhams7@cornell.edu","gender":"Male","profile_picture":"https://robohash.org/doloredolornecessitatibus.png?size=50x50&set=set1"},
    {"id":9,"first_name":"August","last_name":"Wyldes","email":"awyldes8@ifeng.com","gender":"Male","profile_picture":"https://robohash.org/doloremeosvelit.bmp?size=50x50&set=set1"},
    {"id":10,"first_name":"Mac","last_name":"Foxen","email":"mfoxen9@people.com.cn","gender":"Male","profile_picture":"https://robohash.org/aesthic.png?size=50x50&set=set1"},
    {"id":11,"first_name":"Corabella","last_name":"Hellmore","email":"chellmorea@cnn.com","gender":"Female","profile_picture":"https://robohash.org/iuresitet.png?size=50x50&set=set1"},
    {"id":12,"first_name":"Ted","last_name":"Farress","email":"tfarressb@unesco.org","gender":"Male","profile_picture":"https://robohash.org/sequiteneturerror.jpg?size=50x50&set=set1"},
    {"id":13,"first_name":"Lucius","last_name":"Cannon","email":"lcannonc@sun.com","gender":"Male","profile_picture":"https://robohash.org/inadipiscisit.jpg?size=50x50&set=set1"},
    {"id":14,"first_name":"Annis","last_name":"Ivermee","email":"aivermeed@ihg.com","gender":"Female","profile_picture":"https://robohash.org/necessitatibusinventoreaut.bmp?size=50x50&set=set1"},
    {"id":15,"first_name":"Allin","last_name":"Riglar","email":"ariglare@youtube.com","gender":"Male","profile_picture":"https://robohash.org/blanditiisinventoreea.png?size=50x50&set=set1"},
    {"id":16,"first_name":"Florry","last_name":"Cunnah","email":"fcunnahf@home.pl","gender":"Female","profile_picture":"https://robohash.org/etfugitquis.png?size=50x50&set=set1"},
    {"id":17,"first_name":"Anette","last_name":"Pagon","email":"apagong@nasa.gov","gender":"Female","profile_picture":"https://robohash.org/autemautvoluptatem.jpg?size=50x50&set=set1"},
    {"id":18,"first_name":"Forest","last_name":"Benedidick","email":"fbenedidickh@dailymail.co.uk","gender":"Male","profile_picture":"https://robohash.org/voluptatibusnobisvoluptatem.png?size=50x50&set=set1"},
    {"id":19,"first_name":"Valle","last_name":"Stellin","email":"vstellini@moonfruit.com","gender":"Male","profile_picture":"https://robohash.org/ipsamrepellendusmaxime.png?size=50x50&set=set1"},
    {"id":20,"first_name":"Burke","last_name":"Littlejohn","email":"blittlejohnj@omniture.com","gender":"Male","profile_picture":"https://robohash.org/liberoestqui.png?size=50x50&set=set1"},
    {"id":21,"first_name":"Fidelia","last_name":"Dullingham","email":"fdullinghamk@rakuten.co.jp","gender":"Female","profile_picture":"https://robohash.org/illovelvoluptatem.jpg?size=50x50&set=set1"},
    {"id":22,"first_name":"Donavon","last_name":"Simpkin","email":"dsimpkinl@dailymotion.com","gender":"Male","profile_picture":"https://robohash.org/blanditiisestullam.jpg?size=50x50&set=set1"},
    {"id":23,"first_name":"Desmond","last_name":"Byers","email":"dbyersm@sfgate.com","gender":"Male","profile_picture":"https://robohash.org/assumendaquasiet.png?size=50x50&set=set1"},
    {"id":24,"first_name":"Teirtza","last_name":"Ygoe","email":"tygoen@ifeng.com","gender":"Female","profile_picture":"https://robohash.org/laboriosamevenietcommodi.jpg?size=50x50&set=set1"},
    {"id":25,"first_name":"Diana","last_name":"Traice","email":"dtraiceo@reuters.com","gender":"Female","profile_picture":"https://robohash.org/nihilundevel.jpg?size=50x50&set=set1"},
    {"id":26,"first_name":"Celie","last_name":"Wickliffe","email":"cwickliffep@cnbc.com","gender":"Female","profile_picture":"https://robohash.org/autinexpedita.bmp?size=50x50&set=set1"},
    {"id":27,"first_name":"Deloria","last_name":"Ford","email":"dfordq@ask.com","gender":"Female","profile_picture":"https://robohash.org/similiqueaperiamdignissimos.bmp?size=50x50&set=set1"},
    {"id":28,"first_name":"Lanna","last_name":"Sparke","email":"lsparker@nps.gov","gender":"Female","profile_picture":"https://robohash.org/officiaetdolore.png?size=50x50&set=set1"},
    {"id":29,"first_name":"Carling","last_name":"Cunradi","email":"ccunradis@cbslocal.com","gender":"Male","profile_picture":"https://robohash.org/sequietea.jpg?size=50x50&set=set1"},
    {"id":30,"first_name":"Masha","last_name":"Korn","email":"mkornt@clickbank.net","gender":"Female","profile_picture":"https://robohash.org/rerumullamin.png?size=50x50&set=set1"},
    {"id":31,"first_name":"Marten","last_name":"Paoletto","email":"mpaolettou@last.fm","gender":"Male","profile_picture":"https://robohash.org/verosedmollitia.png?size=50x50&set=set1"},
    {"id":32,"first_name":"Kenneth","last_name":"Pleming","email":"kplemingv@bizjournals.com","gender":"Male","profile_picture":"https://robohash.org/quovelitquia.png?size=50x50&set=set1"},
    {"id":33,"first_name":"Charo","last_name":"Thebeaud","email":"cthebeaudw@tripadvisor.com","gender":"Female","profile_picture":"https://robohash.org/iuresuscipiteveniet.png?size=50x50&set=set1"},
    {"id":34,"first_name":"Jon","last_name":"Andreasen","email":"jandreasenx@ning.com","gender":"Male","profile_picture":"https://robohash.org/quonihilvoluptatibus.jpg?size=50x50&set=set1"},
    {"id":35,"first_name":"Alberta","last_name":"Prince","email":"aprincey@1und1.de","gender":"Female","profile_picture":"https://robohash.org/earumquostemporibus.jpg?size=50x50&set=set1"},
    {"id":36,"first_name":"Tommy","last_name":"Seabrooke","email":"tseabrookez@cnn.com","gender":"Male","profile_picture":"https://robohash.org/assumendaomnisnobis.bmp?size=50x50&set=set1"},
    {"id":37,"first_name":"Dorelle","last_name":"Claussen","email":"dclaussen10@aol.com","gender":"Female","profile_picture":"https://robohash.org/quodmollitiatempora.bmp?size=50x50&set=set1"},
    {"id":38,"first_name":"Doria","last_name":"Culbard","email":"dculbard11@naver.com","gender":"Female","profile_picture":"https://robohash.org/quianemoin.bmp?size=50x50&set=set1"},
    {"id":39,"first_name":"Belvia","last_name":"Stanners","email":"bstanners12@auda.org.au","gender":"Female","profile_picture":"https://robohash.org/voluptatemomnisquas.bmp?size=50x50&set=set1"},
    {"id":40,"first_name":"Gene","last_name":"Simpkiss","email":"gsimpkiss13@symantec.com","gender":"Male","profile_picture":"https://robohash.org/inciduntautplaceat.png?size=50x50&set=set1"},
    {"id":41,"first_name":"North","last_name":"Ganniclifft","email":"nganniclifft14@chicagotribune.com","gender":"Male","profile_picture":"https://robohash.org/distinctioperferendisdolor.bmp?size=50x50&set=set1"},
    {"id":42,"first_name":"Albie","last_name":"Thow","email":"athow15@accuweather.com","gender":"Male","profile_picture":"https://robohash.org/placeatsuntaperiam.bmp?size=50x50&set=set1"},
    {"id":43,"first_name":"Christy","last_name":"Luberti","email":"cluberti16@twitpic.com","gender":"Male","profile_picture":"https://robohash.org/enimidcorrupti.jpg?size=50x50&set=set1"},
    {"id":44,"first_name":"Ursala","last_name":"Chelsom","email":"uchelsom17@omniture.com","gender":"Female","profile_picture":"https://robohash.org/temporemollitiatotam.png?size=50x50&set=set1"},
    {"id":45,"first_name":"Ximenes","last_name":"Penvarne","email":"xpenvarne18@ameblo.jp","gender":"Male","profile_picture":"https://robohash.org/quietsint.jpg?size=50x50&set=set1"},
    {"id":46,"first_name":"Alvin","last_name":"Tripney","email":"atripney19@hc360.com","gender":"Male","profile_picture":"https://robohash.org/oditenimrerum.png?size=50x50&set=set1"},
    {"id":47,"first_name":"Lana","last_name":"Screeton","email":"lscreeton1a@mit.edu","gender":"Female","profile_picture":"https://robohash.org/eosexplicabonemo.png?size=50x50&set=set1"},
    {"id":48,"first_name":"Kaycee","last_name":"Gleaves","email":"kgleaves1b@ovh.net","gender":"Female","profile_picture":"https://robohash.org/voluptatemestaut.bmp?size=50x50&set=set1"},
    {"id":49,"first_name":"Marj","last_name":"Prattington","email":"mprattington1c@hhs.gov","gender":"Female","profile_picture":"https://robohash.org/minimaeosnon.bmp?size=50x50&set=set1"},
    {"id":50,"first_name":"Olympe","last_name":"Clynman","email":"oclynman1d@squidoo.com","gender":"Female","profile_picture":"https://robohash.org/eaquaeconsequatur.bmp?size=50x50&set=set1"}]